,ID,DATE,TEXT,RENDERED_TEXT,USERNAME,DISPLAYNAME,URL,TAGS
0,1499043811343106052,2022-03-02 15:27:50+00:00,Min Aung Hlaing's intelligence is taking over mobile payment systems such as #Kpay &amp; #WavePay to track down not only activists but also on donors. They would abduct anyone suspicious of funding and jail them without trial.Many dont dare to voice out publicly for their safety. https://t.co/GBs4lZ7DfU,Min Aung Hlaing's intelligence is taking over mobile payment systems such as #Kpay &amp; #WavePay to track down not only activists but also on donors. They would abduct anyone suspicious of funding and jail them without trial.Many dont dare to voice out publicly for their safety. https://t.co/GBs4lZ7DfU,pyaezone,pyaezone,https://twitter.com/pyaezone/status/1499043811343106052,"['Kpay', 'WavePay']"
1,1498847250021171204,2022-03-02 02:26:46+00:00,"We have recently relaunched our mission, vision and values in @WaveMoney_MM. Here is our CTO Ko Htin launching with the team in Yangon. #fintech #mobilemoney #digital #wavepay #wavemoney #culture https://t.co/rBD1bN0h0X","We have recently relaunched our mission, vision and values in @WaveMoney_MM. Here is our CTO Ko Htin launching with the team in Yangon. #fintech #mobilemoney #digital #wavepay #wavemoney #culture https://t.co/rBD1bN0h0X",WaveMoney_MM,Wave Money Myanmar,https://twitter.com/WaveMoney_MM/status/1498847250021171204,"['fintech', 'mobilemoney', 'digital', 'wavepay', 'wavemoney', 'culture']"
2,1457202484514988036,2021-11-07 04:25:20+00:00,"To be fair, @WaveMoney_MM @BradJOz also freeze accounts without any explanation. But at least, their data privacy is a little safer than #Kpay so can't be easily track. So, #Wavepay is a lesser evil here.","To be fair, @WaveMoney_MM @BradJOz also freeze accounts without any explanation. But at least, their data privacy is a little safer than #Kpay so can't be easily track. So, #Wavepay is a lesser evil here.",pyaezone,pyaezone,https://twitter.com/pyaezone/status/1457202484514988036,"['Kpay', 'Wavepay']"
3,1450053140191989762,2021-10-18 10:56:23+00:00,"No worries!!!We accept  100% via i/mBanking on all products such as #AYAPay, #CBPay #KBZPay, #OnePay, #MytelPay, #WavePay and also #Visa, #Mastercard, #Unionpay &amp; #MPU cards are accepted.
5% #cashback when you pay all in cash on any gadgets.
Shop now Â» https://t.co/fqcnWa1xhs https://t.co/7XyRKGjObh","No worries!!!We accept  100% via i/mBanking on all products such as #AYAPay, #CBPay #KBZPay, #OnePay, #MytelPay, #WavePay and also #Visa, #Mastercard, #Unionpay &amp; #MPU cards are accepted.
5% #cashback when you pay all in cash on any gadgets.
Shop now Â» ict.com.mm/pages/thadingyâ€¦ https://t.co/7XyRKGjObh",MyanmarICT,ICT.com.mm,https://twitter.com/MyanmarICT/status/1450053140191989762,"['AYAPay', 'CBPay', 'KBZPay', 'OnePay', 'MytelPay', 'WavePay', 'Visa', 'Mastercard', 'Unionpay', 'MPU', 'cashback']"
4,1437610681990139907,2021-09-14 02:54:30+00:00,"100% online payment accepted including from mobile banking applications.
We assure 100% safe and secure online payment transactions. 
Shop now: https://t.co/YnjINCBqNP

#WavePay #KBZPay #CBPay #Visa #Mastercard #MPU #ShopICT #earbuds #earphones #Myanmar https://t.co/m7DXrb693m","100% online payment accepted including from mobile banking applications.
We assure 100% safe and secure online payment transactions. 
Shop now: ict.com.mm

#WavePay #KBZPay #CBPay #Visa #Mastercard #MPU #ShopICT #earbuds #earphones #Myanmar https://t.co/m7DXrb693m",MyanmarICT,ICT.com.mm,https://twitter.com/MyanmarICT/status/1437610681990139907,"['WavePay', 'KBZPay', 'CBPay', 'Visa', 'Mastercard', 'MPU', 'ShopICT', 'earbuds', 'earphones', 'Myanmar']"
5,1436255660748935169,2021-09-10 09:10:08+00:00,"âš¡ï¸9.9 Super Saleâš¡ï¸ 

ğŸ‘©â€ğŸ’»Laptops: up to 31% OFF 

ğŸ›Shop here: https://t.co/7w7uAASZ53

ğŸ’³ We accept 100% with
#WavePay #KBZPay #CBPay #Visa #Mastercard #MPU https://t.co/hReuDKnto6","âš¡ï¸9.9 Super Saleâš¡ï¸ 

ğŸ‘©â€ğŸ’»Laptops: up to 31% OFF 

ğŸ›Shop here: ict.com.mm/collections/laâ€¦

ğŸ’³ We accept 100% with
#WavePay #KBZPay #CBPay #Visa #Mastercard #MPU https://t.co/hReuDKnto6",MyanmarICT,ICT.com.mm,https://twitter.com/MyanmarICT/status/1436255660748935169,"['WavePay', 'KBZPay', 'CBPay', 'Visa', 'Mastercard', 'MPU']"
6,1389765698964975621,2021-05-05 02:15:37+00:00,"WavePay by @WaveMoney_MM is operational across all mobile operators in Myanmar. Send money, buy airtime, pay bills all from the convenience of your smartphone! #mobilemoney #fintech #Myanmar #wavemoney #WavePay https://t.co/i41kmYAC0B","WavePay by @WaveMoney_MM is operational across all mobile operators in Myanmar. Send money, buy airtime, pay bills all from the convenience of your smartphone! #mobilemoney #fintech #Myanmar #wavemoney #WavePay https://t.co/i41kmYAC0B",WaveMoney_MM,Wave Money Myanmar,https://twitter.com/WaveMoney_MM/status/1389765698964975621,"['mobilemoney', 'fintech', 'Myanmar', 'wavemoney', 'WavePay']"
7,1389761160904208386,2021-05-05 01:57:35+00:00,"WavePay by @WaveMoney_MM is operational across all mobile operators in Myanmar. Send money, buy airtime, pay bills all from the convenience of your smartphone! #mobilemoney #fintech #Myanmar #wavemoney #wavepay https://t.co/3ME4JkhU4r","WavePay by @WaveMoney_MM is operational across all mobile operators in Myanmar. Send money, buy airtime, pay bills all from the convenience of your smartphone! #mobilemoney #fintech #Myanmar #wavemoney #wavepay https://t.co/3ME4JkhU4r",BradJOz,Brad Jones,https://twitter.com/BradJOz/status/1389761160904208386,"['mobilemoney', 'fintech', 'Myanmar', 'wavemoney', 'wavepay']"
8,1389464299014397952,2021-05-04 06:17:58+00:00,@pyaezone What's the use of #WavePay when it's services are cash transfer and there is no cash in circulation as banks are under serious mismanagement of Junta controlled Central Bank,@pyaezone What's the use of #WavePay when it's services are cash transfer and there is no cash in circulation as banks are under serious mismanagement of Junta controlled Central Bank,PaingsView,Paing,https://twitter.com/PaingsView/status/1389464299014397952,['WavePay']
9,1389458567325908994,2021-05-04 05:55:11+00:00,Some mobile banking apps like #WavePay are now back as a whitelised app- meaning it can be used if mobile data is on. Not sure how long it can last but this shows MAH have long term plans to disable mobile internet access and only allowing moneymaking apps through whitelists.,Some mobile banking apps like #WavePay are now back as a whitelised app- meaning it can be used if mobile data is on. Not sure how long it can last but this shows MAH have long term plans to disable mobile internet access and only allowing moneymaking apps through whitelists.,pyaezone,pyaezone,https://twitter.com/pyaezone/status/1389458567325908994,['WavePay']
10,1374003634099261445,2021-03-22 14:22:48+00:00,"3/ The situation in #Dawei 
#WAVEpay money shopkeeper U Moe Zaw Than,arrested. He refused a #Tatmadaw #Sniper to use his 3 story building. Illegal (SAC)Junta,say he help #CDM 
https://t.co/7FWHAFl8bf 
#WhatsHappeningInMyanmar 
#MyanmarMilitaryTerrorists 
#MyanmarPoliceBrutality","3/ The situation in #Dawei 
#WAVEpay money shopkeeper U Moe Zaw Than,arrested. He refused a #Tatmadaw #Sniper to use his 3 story building. Illegal (SAC)Junta,say he help #CDM 
facebook.com/DaweiWatch/posâ€¦ 
#WhatsHappeningInMyanmar 
#MyanmarMilitaryTerrorists 
#MyanmarPoliceBrutality",myteaatom,mytea@om,https://twitter.com/myteaatom/status/1374003634099261445,"['Dawei', 'WAVEpay', 'Tatmadaw', 'Sniper', 'CDM', 'WhatsHappeningInMyanmar', 'MyanmarMilitaryTerrorists', 'MyanmarPoliceBrutality']"
11,1347130231274967042,2021-01-07 10:37:30+00:00,"How to clone wavepay to modify positioning, virtual positioning #wavepay
Clone App Official website:https://t.co/8dUCOjlDo5
Download linkï¼šhttps://t.co/nT422yFZ4V https://t.co/8vhleotrGa","How to clone wavepay to modify positioning, virtual positioning #wavepay
Clone App Official website:cloneapp.net
Download linkï¼šbit.ly/37KCuzM https://t.co/8vhleotrGa",cloneapp_app,Clone APP,https://twitter.com/cloneapp_app/status/1347130231274967042,['wavepay']
12,1346290595258458112,2021-01-05 03:01:05+00:00,Reflections from 2020: Strong Digital Growth for WavePay and Recognition of Wave Money as a Critical Platform During Crisis https://t.co/bECxcBCi60 @WaveMoney_MM #fintech #myanmar #mobilemoney #wavepay #livelifeyourway,Reflections from 2020: Strong Digital Growth for WavePay and Recognition of Wave Money as a Critical Platform During Crisis linkedin.com/pulse/reflectiâ€¦ @WaveMoney_MM #fintech #myanmar #mobilemoney #wavepay #livelifeyourway,BradJOz,Brad Jones,https://twitter.com/BradJOz/status/1346290595258458112,"['fintech', 'myanmar', 'mobilemoney', 'wavepay', 'livelifeyourway']"
13,1345305582929125376,2021-01-02 09:47:00+00:00,"How to clone wavepay to modify positioning, virtual positioning #wavepay
Clone App Official website:https://t.co/8dUCOjDeMF
Download linkï¼šhttps://t.co/nT422yoodn https://t.co/9lpl8MGvKu","How to clone wavepay to modify positioning, virtual positioning #wavepay
Clone App Official website:cloneapp.net
Download linkï¼šbit.ly/37KCuzM https://t.co/9lpl8MGvKu",cloneapp_app,Clone APP,https://twitter.com/cloneapp_app/status/1345305582929125376,['wavepay']
14,1498847250021171204,2022-03-02 02:26:46+00:00,"We have recently relaunched our mission, vision and values in @WaveMoney_MM. Here is our CTO Ko Htin launching with the team in Yangon. #fintech #mobilemoney #digital #wavepay #wavemoney #culture https://t.co/rBD1bN0h0X","We have recently relaunched our mission, vision and values in @WaveMoney_MM. Here is our CTO Ko Htin launching with the team in Yangon. #fintech #mobilemoney #digital #wavepay #wavemoney #culture https://t.co/rBD1bN0h0X",WaveMoney_MM,Wave Money Myanmar,https://twitter.com/WaveMoney_MM/status/1498847250021171204,"['fintech', 'mobilemoney', 'digital', 'wavepay', 'wavemoney', 'culture']"
15,1498393391066931201,2022-02-28 20:23:17+00:00,"We are on this weekend..#almostfamousentertainment #36hourParty.. #Fun Packed #WaveMoney #DjQuest256 @ Kampala, Uganda https://t.co/arArs31Yo5","We are on this weekend..#almostfamousentertainment #36hourParty.. #Fun Packed #WaveMoney #DjQuest256 @ Kampala, Uganda instagram.com/p/CaiMSI6rY2-/â€¦",djquest256,Dj Quest256,https://twitter.com/djquest256/status/1498393391066931201,"['almostfamousentertainment', '36hourParty', 'Fun', 'WaveMoney', 'DjQuest256']"
16,1493477385651601413,2022-02-15 06:48:50+00:00,The plans of God concerning our lives are older than our existence in out physical bodies. #Make Manifest #WaveMoney #worksettingstoday @ Entebbe Botanical Garden Uganda https://t.co/kK6wxsM0O7,The plans of God concerning our lives are older than our existence in out physical bodies. #Make Manifest #WaveMoney #worksettingstoday @ Entebbe Botanical Garden Uganda instagram.com/p/CZ_QvU2LV97/â€¦,djquest256,Dj Quest256,https://twitter.com/djquest256/status/1493477385651601413,"['Make', 'WaveMoney', 'worksettingstoday']"
17,1488984410498256902,2022-02-02 21:15:22+00:00,Comment on fait les dÃ©pÃ´ts et retraits via Wave? Qui a dÃ©jÃ  testÃ© ! #Wavemoney,Comment on fait les dÃ©pÃ´ts et retraits via Wave? Qui a dÃ©jÃ  testÃ© ! #Wavemoney,Loveth33868846,Loveth,https://twitter.com/Loveth33868846/status/1488984410498256902,['Wavemoney']
18,1483683618090536960,2022-01-19 06:11:54+00:00,"#Telenor to sell #WaveMoney stake to #Yoma in move to exit Myanmar

@WaveMoney_MM
@Telenor_mm 
@TelenorGroup #Norway
@YomaBank
#Yoma_StrategicHoldings #Singapore

#Myanmar #Business #Telecom #DigitalPayment
#SoutheastAsia 
https://t.co/rhde6mmj3a
Via https://t.co/uJFCh0Jfh8 https://t.co/YGA26bqMfc","#Telenor to sell #WaveMoney stake to #Yoma in move to exit Myanmar

@WaveMoney_MM
@Telenor_mm 
@TelenorGroup #Norway
@YomaBank
#Yoma_StrategicHoldings #Singapore

#Myanmar #Business #Telecom #DigitalPayment
#SoutheastAsia 
bit.ly/353MNBz
Via bangkokpost.com https://t.co/YGA26bqMfc",LetsTalkSG,Let's Talk Singapore,https://twitter.com/LetsTalkSG/status/1483683618090536960,"['Telenor', 'WaveMoney', 'Yoma', 'Norway', 'Yoma_StrategicHoldings', 'Singapore', 'Myanmar', 'Business', 'Telecom', 'DigitalPayment', 'SoutheastAsia']"
19,1483514823656841223,2022-01-18 19:01:10+00:00,https://t.co/wOxDGZTsTF @TelenorGroup agrees to sell its stake in #WaveMoney to #YomaStrategic. https://t.co/C7sb5Iss4V,ow.ly/tTCX50Hwszb @TelenorGroup agrees to sell its stake in #WaveMoney to #YomaStrategic. https://t.co/C7sb5Iss4V,ScottSaid,Scott St. John,https://twitter.com/ScottSaid/status/1483514823656841223,"['WaveMoney', 'YomaStrategic']"
20,1483514660062175249,2022-01-18 19:00:31+00:00,https://t.co/XPWQNgeAbC @TelenorGroup agrees to sell its stake in #WaveMoney to #YomaStrategic. https://t.co/WTNJi3EFU7,ow.ly/tCS250HwsvR @TelenorGroup agrees to sell its stake in #WaveMoney to #YomaStrategic. https://t.co/WTNJi3EFU7,PipelineWire,Pipeline,https://twitter.com/PipelineWire/status/1483514660062175249,"['WaveMoney', 'YomaStrategic']"
21,1483314972004589571,2022-01-18 05:47:02+00:00,#Telenor Group exits Wave Money | read: https://t.co/iQNe6ppilv | #Asia #Myanmar #WaveMoney https://t.co/oy7j5NCzd8,#Telenor Group exits Wave Money | read: is.gd/tiwIi2 | #Asia #Myanmar #WaveMoney https://t.co/oy7j5NCzd8,retailnewsasia,Retail News Asia,https://twitter.com/retailnewsasia/status/1483314972004589571,"['Telenor', 'Asia', 'Myanmar', 'WaveMoney']"
22,1483129499608924161,2022-01-17 17:30:02+00:00,Telenor sells off digital payment business in Myanmar; new taxes hit operators #AsiaPacific #Myanmar #Telenor #Tax #MPT #DigitalPayments #WaveMoney #YomaStrategicHoldings #M1Group https://t.co/baB9zID7hF https://t.co/HZwooRwPG8,Telenor sells off digital payment business in Myanmar; new taxes hit operators #AsiaPacific #Myanmar #Telenor #Tax #MPT #DigitalPayments #WaveMoney #YomaStrategicHoldings #M1Group tinyurl.com/yctb6tzt https://t.co/HZwooRwPG8,DevTelecoms,Developing Telecoms,https://twitter.com/DevTelecoms/status/1483129499608924161,"['AsiaPacific', 'Myanmar', 'Telenor', 'Tax', 'MPT', 'DigitalPayments', 'WaveMoney', 'YomaStrategicHoldings', 'M1Group']"
23,1483059089907273740,2022-01-17 12:50:15+00:00,"á€”á€±á€¬á€ºá€á€±á€”á€Šá€ºá€¸á€•á€Šá€¬á€€á€¯á€™á€¹á€•á€á€®á€€á€¼á€®á€¸á€–á€¼á€…á€ºá€á€²á€· á€á€šá€ºá€œá€®á€”á€±á€¬á€€  á€™á€¼á€”á€ºá€™á€¬á€”á€­á€¯á€„á€ºá€„á€¶á€™á€¾á€¬á€›á€¾á€­á€á€²á€· á€–á€¯á€”á€ºá€¸á€”á€²á€·á€„á€½á€±á€œá€½á€¾á€²á€œá€­á€¯á€·á€›á€á€²á€·  á€á€°á€·á€›á€²á€·Wave Money á€¡á€…á€¯á€›á€¾á€šá€ºá€šá€¬ á…á %á€€á€­á€¯ Yoma á€¡á€¯á€•á€ºá€…á€¯ á€€á€­á€¯ á€’á€±á€«á€ºá€œá€¬ á…áƒ á€á€”á€ºá€¸á€”á€²á€· á€›á€±á€¬á€„á€ºá€¸á€á€»á€–á€­á€¯á€· á€á€˜á€±á€¬á€á€°
#MyanmarBusiness #WaveMoney #VOABurmese
https://t.co/wjYmeZRzVN","á€”á€±á€¬á€ºá€á€±á€”á€Šá€ºá€¸á€•á€Šá€¬á€€á€¯á€™á€¹á€•á€á€®á€€á€¼á€®á€¸á€–á€¼á€…á€ºá€á€²á€· á€á€šá€ºá€œá€®á€”á€±á€¬á€€  á€™á€¼á€”á€ºá€™á€¬á€”á€­á€¯á€„á€ºá€„á€¶á€™á€¾á€¬á€›á€¾á€­á€á€²á€· á€–á€¯á€”á€ºá€¸á€”á€²á€·á€„á€½á€±á€œá€½á€¾á€²á€œá€­á€¯á€·á€›á€á€²á€·  á€á€°á€·á€›á€²á€·Wave Money á€¡á€…á€¯á€›á€¾á€šá€ºá€šá€¬ á…á %á€€á€­á€¯ Yoma á€¡á€¯á€•á€ºá€…á€¯ á€€á€­á€¯ á€’á€±á€«á€ºá€œá€¬ á…áƒ á€á€”á€ºá€¸á€”á€²á€· á€›á€±á€¬á€„á€ºá€¸á€á€»á€–á€­á€¯á€· á€á€˜á€±á€¬á€á€°
#MyanmarBusiness #WaveMoney #VOABurmese
tinyurl.com/2p8r3e5w",Voaburmese,Voa Burmese,https://twitter.com/Voaburmese/status/1483059089907273740,"['MyanmarBusiness', 'WaveMoney', 'VOABurmese']"
24,1483022364447494144,2022-01-17 10:24:19+00:00,"#Telenor set to sell its stake in #WaveMoney to #YomaStrategic
@WaveMoney_MM
@Telenor_mm
@TelenorGroup

 https://t.co/VcH9Yh6o53","#Telenor set to sell its stake in #WaveMoney to #YomaStrategic
@WaveMoney_MM
@Telenor_mm
@TelenorGroup

 telecomdrive.com/telenor-set-toâ€¦",telecomdrive,Telecom Drive,https://twitter.com/telecomdrive/status/1483022364447494144,"['Telenor', 'WaveMoney', 'YomaStrategic']"
25,1483022036775669762,2022-01-17 10:23:01+00:00,#Telenor already has a foot out the door of #Myanmar: this deal takes it a little further. #WaveMoney @TelenorGroup https://t.co/cxCmwOzg8m,#Telenor already has a foot out the door of #Myanmar: this deal takes it a little further. #WaveMoney @TelenorGroup mobileworldlive.com/money/news-monâ€¦,mobileworldlive,Mobile World Live,https://twitter.com/mobileworldlive/status/1483022036775669762,"['Telenor', 'Myanmar', 'WaveMoney']"
26,1482998445128433666,2022-01-17 08:49:16+00:00,Telenor confirms deal to sell 51% of Wave Money to Yoma-led consortium for USD 53 mln #Telenor #WaveMoney #Yom https://t.co/Aw7xuwVQev,Telenor confirms deal to sell 51% of Wave Money to Yoma-led consortium for USD 53 mln #Telenor #WaveMoney #Yom bit.ly/34NnBPu,Telecompaper,Telecompaper,https://twitter.com/Telecompaper/status/1482998445128433666,"['Telenor', 'WaveMoney', 'Yom']"
27,1482970979211280386,2022-01-17 07:00:08+00:00,Telenor to divest stake in Myanmar's Wave Money to Yoma for $53 mln #WaveMoney #Telenor #Yoma #DigitalPayment #Fmi #Industry  https://t.co/e2doJdgEhX,Telenor to divest stake in Myanmar's Wave Money to Yoma for $53 mln #WaveMoney #Telenor #Yoma #DigitalPayment #Fmi #Industry  telecom.economictimes.indiatimes.com/news/telenor-tâ€¦,jais_george,Jais George,https://twitter.com/jais_george/status/1482970979211280386,"['WaveMoney', 'Telenor', 'Yoma', 'DigitalPayment', 'Fmi', 'Industry']"
28,1482970973586735104,2022-01-17 07:00:07+00:00,Telenor to divest stake in Myanmar's Wave Money to Yoma for $53 mln #WaveMoney #Telenor #Yoma #DigitalPayment #Fmi #Industry  https://t.co/kkY4NdbCAb,Telenor to divest stake in Myanmar's Wave Money to Yoma for $53 mln #WaveMoney #Telenor #Yoma #DigitalPayment #Fmi #Industry  telecom.economictimes.indiatimes.com/news/telenor-tâ€¦,ETTelecom,ETTelecom,https://twitter.com/ETTelecom/status/1482970973586735104,"['WaveMoney', 'Telenor', 'Yoma', 'DigitalPayment', 'Fmi', 'Industry']"
29,1482963478260645888,2022-01-17 06:30:20+00:00,Telenor to divest stake in Myanmar's Wave Money to Yoma for $53 mln #WaveMoney #Telenor #Yoma #DigitalPayment #Fmi #Industry  https://t.co/p7pO3MEDgP,Telenor to divest stake in Myanmar's Wave Money to Yoma for $53 mln #WaveMoney #Telenor #Yoma #DigitalPayment #Fmi #Industry  cio.economictimes.indiatimes.com/news/corporateâ€¦,jais_george,Jais George,https://twitter.com/jais_george/status/1482963478260645888,"['WaveMoney', 'Telenor', 'Yoma', 'DigitalPayment', 'Fmi', 'Industry']"
30,1479817698179751944,2022-01-08 14:10:07+00:00,"Lunch got me 
@Kamwokya Restaurant âœŠ
#Kisoro townğŸ‡ºğŸ‡¬
#Wavemoney transferâœŒï¸ @ Kabaleâ€“Kisoroâ€“Bunagana Road https://t.co/iRyNMME3bv","Lunch got me 
@Kamwokya Restaurant âœŠ
#Kisoro townğŸ‡ºğŸ‡¬
#Wavemoney transferâœŒï¸ @ Kabaleâ€“Kisoroâ€“Bunagana Road instagram.com/p/CYeNCSWNx8Z/â€¦",Ricky_soja,Ricky Soja Official ğŸ‡ºğŸ‡¬,https://twitter.com/Ricky_soja/status/1479817698179751944,"['Kisoro', 'Wavemoney']"
31,1478118985988251649,2022-01-03 21:40:03+00:00,Telenor aims to sell its stake in Myanmar mobile payment service #AsiaPacific #Myanmar #Telenor #MobilePayment #WaveMoney #YomaStrategicHoldings #M1Group https://t.co/SWzWg5CrXE https://t.co/0qaHyEoBeW,Telenor aims to sell its stake in Myanmar mobile payment service #AsiaPacific #Myanmar #Telenor #MobilePayment #WaveMoney #YomaStrategicHoldings #M1Group tinyurl.com/yy9l9yn6 https://t.co/0qaHyEoBeW,DevTelecoms,Developing Telecoms,https://twitter.com/DevTelecoms/status/1478118985988251649,"['AsiaPacific', 'Myanmar', 'Telenor', 'MobilePayment', 'WaveMoney', 'YomaStrategicHoldings', 'M1Group']"
32,1478006188591792142,2022-01-03 14:11:50+00:00,Telenor to offload stake in Wave Money as political unrest de-stabilizes its mobile money market #Telenor #WaveMoney #mobilemoney https://t.co/fKrrWyh90q,Telenor to offload stake in Wave Money as political unrest de-stabilizes its mobile money market #Telenor #WaveMoney #mobilemoney mobileworldlive.com/money/news-monâ€¦,PaymentGal,Patti Hewitt,https://twitter.com/PaymentGal/status/1478006188591792142,"['Telenor', 'WaveMoney', 'mobilemoney']"
33,1477983282868461568,2022-01-03 12:40:48+00:00,"á€–á€¯á€”á€ºá€¸á€€á€”á€± á€„á€½á€±á€œá€½á€¾á€²á€œá€­á€¯á€·á€›á€á€²á€· Wave Money á€›á€²á€· á€›á€¾á€šá€ºá€šá€¬ á…á % á€€á€­á€¯ á€á€šá€ºá€œá€®á€”á€±á€¬ á€€á€¯á€™á€¹á€•á€á€® á€€ $ á…áƒ á€á€”á€ºá€¸á€”á€²á€· á€›á€­á€¯á€¸á€™á€¡á€¯á€•á€ºá€…á€¯á€€á€­á€¯ á€›á€±á€¬á€„á€ºá€¸á€–á€­á€¯á€· á€…á€®á€…á€‰á€ºá€”á€±á€á€šá€ºá€œá€­á€¯á€· Nikkei Asia  á€á€á€„á€ºá€¸á€€á€†á€­á€¯á€•á€«á€á€šá€ºá‹ 
#TelenorMyanmar #WaveMoney #VOA
#á€á€šá€ºá€œá€®á€”á€±á€¬ #á€á€±á€·á€–á€ºá€™á€²á€”á€ºá€¸á€”á€®á€¸ #á€—á€½á€®á€¡á€­á€¯á€¡á€± 
https://t.co/c94FjRorLJ","á€–á€¯á€”á€ºá€¸á€€á€”á€± á€„á€½á€±á€œá€½á€¾á€²á€œá€­á€¯á€·á€›á€á€²á€· Wave Money á€›á€²á€· á€›á€¾á€šá€ºá€šá€¬ á…á % á€€á€­á€¯ á€á€šá€ºá€œá€®á€”á€±á€¬ á€€á€¯á€™á€¹á€•á€á€® á€€ $ á…áƒ á€á€”á€ºá€¸á€”á€²á€· á€›á€­á€¯á€¸á€™á€¡á€¯á€•á€ºá€…á€¯á€€á€­á€¯ á€›á€±á€¬á€„á€ºá€¸á€–á€­á€¯á€· á€…á€®á€…á€‰á€ºá€”á€±á€á€šá€ºá€œá€­á€¯á€· Nikkei Asia  á€á€á€„á€ºá€¸á€€á€†á€­á€¯á€•á€«á€á€šá€ºá‹ 
#TelenorMyanmar #WaveMoney #VOA
#á€á€šá€ºá€œá€®á€”á€±á€¬ #á€á€±á€·á€–á€ºá€™á€²á€”á€ºá€¸á€”á€®á€¸ #á€—á€½á€®á€¡á€­á€¯á€¡á€± 
tinyurl.com/ad9vfhsb",Voaburmese,Voa Burmese,https://twitter.com/Voaburmese/status/1477983282868461568,"['TelenorMyanmar', 'WaveMoney', 'VOA', 'á€á€šá€ºá€œá€®á€”á€±á€¬', 'á€á€±á€·á€–á€ºá€™á€²á€”á€ºá€¸á€”á€®á€¸', 'á€—á€½á€®á€¡á€­á€¯á€¡á€±']"
34,1466085168133951492,2021-12-01 16:41:57+00:00,"#Mouvemoney 

#Wavemoney 

#Orangemoney 

De la concurrence pure et parfaite, les clients en profitent au mieux. 

C'est Ã§a aussi la beautÃ© de l'entrepreneuriat.

Que le meilleur gagne ou le plus stratÃ¨ge  gagne. 

#Entrepreneurship https://t.co/xezmoB0pAx","#Mouvemoney 

#Wavemoney 

#Orangemoney 

De la concurrence pure et parfaite, les clients en profitent au mieux. 

C'est Ã§a aussi la beautÃ© de l'entrepreneuriat.

Que le meilleur gagne ou le plus stratÃ¨ge  gagne. 

#Entrepreneurship https://t.co/xezmoB0pAx",Sib7670,Coulibaly SibidiÃ¨,https://twitter.com/Sib7670/status/1466085168133951492,"['Mouvemoney', 'Wavemoney', 'Orangemoney', 'Entrepreneurship']"
35,1451242343592570880,2021-10-21 17:41:52+00:00,Il ne suffit pas d'Ãªtre pas politicien pour amÃ©liorer les conditions d'une population. #wavemoney l'a fait en moins de 2 ans. Obligeant les plus cupides Ã  se soumettre.,Il ne suffit pas d'Ãªtre pas politicien pour amÃ©liorer les conditions d'une population. #wavemoney l'a fait en moins de 2 ans. Obligeant les plus cupides Ã  se soumettre.,dri_theophile,Nailed,https://twitter.com/dri_theophile/status/1451242343592570880,['wavemoney']
36,1444819116083187715,2021-10-04 00:18:15+00:00,"CEO&amp;COO
Y.JH

Invest Company.

#Wavemoney #Smartmoney https://t.co/m9HNbqR4Dt","CEO&amp;COO
Y.JH

Invest Company.

#Wavemoney #Smartmoney https://t.co/m9HNbqR4Dt",glh5do6x2kdCuvc,APC Realized Profit.,https://twitter.com/glh5do6x2kdCuvc/status/1444819116083187715,"['Wavemoney', 'Smartmoney']"
37,1403170252062662657,2021-06-11 02:00:32+00:00,@denverbitcoin I vote #WaveMoney,@denverbitcoin I vote #WaveMoney,stoodder,Rick Allen,https://twitter.com/stoodder/status/1403170252062662657,['WaveMoney']
38,1401446317969358849,2021-06-06 07:50:14+00:00,@WaveSenegal #wavemoney le meilleur service. Non au arnaque de orange. Il nous Ã©touffe avec ces tarifs tarÃ©s et immoraux https://t.co/cFvDekMFQc,@WaveSenegal #wavemoney le meilleur service. Non au arnaque de orange. Il nous Ã©touffe avec ces tarifs tarÃ©s et immoraux https://t.co/cFvDekMFQc,BadioBadji,Mon devoir,https://twitter.com/BadioBadji/status/1401446317969358849,['wavemoney']
39,1389765698964975621,2021-05-05 02:15:37+00:00,"WavePay by @WaveMoney_MM is operational across all mobile operators in Myanmar. Send money, buy airtime, pay bills all from the convenience of your smartphone! #mobilemoney #fintech #Myanmar #wavemoney #WavePay https://t.co/i41kmYAC0B","WavePay by @WaveMoney_MM is operational across all mobile operators in Myanmar. Send money, buy airtime, pay bills all from the convenience of your smartphone! #mobilemoney #fintech #Myanmar #wavemoney #WavePay https://t.co/i41kmYAC0B",WaveMoney_MM,Wave Money Myanmar,https://twitter.com/WaveMoney_MM/status/1389765698964975621,"['mobilemoney', 'fintech', 'Myanmar', 'wavemoney', 'WavePay']"
40,1389761160904208386,2021-05-05 01:57:35+00:00,"WavePay by @WaveMoney_MM is operational across all mobile operators in Myanmar. Send money, buy airtime, pay bills all from the convenience of your smartphone! #mobilemoney #fintech #Myanmar #wavemoney #wavepay https://t.co/3ME4JkhU4r","WavePay by @WaveMoney_MM is operational across all mobile operators in Myanmar. Send money, buy airtime, pay bills all from the convenience of your smartphone! #mobilemoney #fintech #Myanmar #wavemoney #wavepay https://t.co/3ME4JkhU4r",BradJOz,Brad Jones,https://twitter.com/BradJOz/status/1389761160904208386,"['mobilemoney', 'fintech', 'Myanmar', 'wavemoney', 'wavepay']"
41,1384584769841807361,2021-04-20 19:08:28+00:00,"#exclusivitÃ© #TACE_ART_TV l'info sur âœâœ 

ğŸ”´ | GALA DE COMMUNICATION Ã‰DITION 1

Faites dÃ©jÃ  votre rÃ©servation de votre table, un spectacle multimÃ©dia et dimensionnelle 
Un fois dans l'annÃ©e 
#reservation #OrangeMoney #free_mony #WaveMoney #service_commercial 339960347 https://t.co/dknhByLkcs","#exclusivitÃ© #TACE_ART_TV l'info sur âœâœ 

ğŸ”´ | GALA DE COMMUNICATION Ã‰DITION 1

Faites dÃ©jÃ  votre rÃ©servation de votre table, un spectacle multimÃ©dia et dimensionnelle 
Un fois dans l'annÃ©e 
#reservation #OrangeMoney #free_mony #WaveMoney #service_commercial 339960347 https://t.co/dknhByLkcs",Babagalle9,TACE ART TV,https://twitter.com/Babagalle9/status/1384584769841807361,"['exclusivitÃ©', 'TACE_ART_TV', 'reservation', 'OrangeMoney', 'free_mony', 'WaveMoney', 'service_commercial']"
42,1381829884423458819,2021-04-13 04:41:32+00:00,@BradJOz @WaveMoney_MM Thank you #WaveMoney &amp; Team members for supporting our country,@BradJOz @WaveMoney_MM Thank you #WaveMoney &amp; Team members for supporting our country,KoHtike38436136,Ko Htike,https://twitter.com/KoHtike38436136/status/1381829884423458819,['WaveMoney']
43,1350944528539279365,2021-01-17 23:14:09+00:00,"@WaveMoney_MM Good day.
If this is the #WaveMoney we think it is, why can't our US company create a US bank account? https://t.co/LPXhypJmsB","@WaveMoney_MM Good day.
If this is the #WaveMoney we think it is, why can't our US company create a US bank account? https://t.co/LPXhypJmsB",whiteskyventure,White Sky Ventures,https://twitter.com/whiteskyventure/status/1350944528539279365,['WaveMoney']
